Sub-Category,Sales,Profit,Average_Discount
Tables,206965.532,-17725.4811,0.2612852664576803
Bookcases,114879.9963,-3472.556,0.211140350877193
Furnishings,91705.164,13059.1436,0.13834900731452457
Chairs,328449.103,26590.1663,0.17017828200972449
