Category,Sub-Category,Sales,Profit,Quantity,Margin
Furniture,Tables,206965.532,-17725.4811,1241,-0.08564460433923848
Furniture,Bookcases,114879.9963,-3472.556,868,-0.030227682032054524
Furniture,Furnishings,91705.164,13059.1436,3563,0.14240357936658832
Furniture,Chairs,328449.103,26590.1663,2356,0.08095673289142763
