Region,Sales,Profit,Orders,Customers,Margin
West,725457.8245,108418.4489,1611,686,0.14944831420727203
East,678781.24,91522.78,1401,674,0.13483398568882074
Central,501239.8908,39706.3625,1175,629,0.07921628591177565
South,391721.905,46749.4303,822,512,0.11934341609004478
