Segment,Sales,Profit,Orders,Customers,Quantity,Margin,Average_Order_Value
Consumer,1161401.345,134119.2092,2586,409,19521,0.11548050101491833,449.11111562258316
Corporate,706146.3668,91979.134,1514,236,11608,0.13025505521867398,466.4110745046235
Home Office,429653.1485,60298.6785,909,148,6744,0.14034268970334335,472.6657299229923
